dataset,target_language,repo,repo_url,pr_url,base_commit,head_commit,files_changed,lines_added,lines_removed,total_lines_changed,num_comments,repo_size_kb,repo_total_files,repo_python_files,repo_total_directories,repo_max_directory_depth
swe_prbench,python,espnet/espnet,https://github.com/espnet/espnet,https://github.com/espnet/espnet/pull/6327,df9514742b18d7f599be6fdc0db83cba627abf44,f4e7259de086955672bc00242e84e70c329c72f4,52,225.0,238.0,463.0,7,1461583,10442,2072,1875,8
swe_prbench,python,sqlfluff/sqlfluff,https://github.com/sqlfluff/sqlfluff,https://github.com/sqlfluff/sqlfluff/pull/7294,316d153ef74d5615d7e2e65aa655b2d3fbf7fd92,f483a2a1c6fc41b93be0141315eae0f74ad072f0,6,445.0,17.0,462.0,5,50120,5556,426,326,9
swe_prbench,python,cupy/cupy,https://github.com/cupy/cupy,https://github.com/cupy/cupy/pull/9507,6dc153dc0c03fd343d572fcc70a725c58edb10ab,6459a4957a65e87fa1e218e1604f8ec68abc536c,3,98.0,16.0,114.0,3,47317,1187,740,165,6
swe_prbench,python,livekit/agents,https://github.com/livekit/agents,https://github.com/livekit/agents/pull/4099,5cfaf56b3361268dd2edd770567cf153a62a46bb,800a9054fd91bd1169041e780a9537e68ab8eba8,4,598.0,14.0,612.0,6,26307,1045,741,349,7
swe_prbench,python,pyodide/pyodide,https://github.com/pyodide/pyodide,https://github.com/pyodide/pyodide/pull/6033,6b75989dde4af6d6773cb190f1258bfd25457d55,4d11f44e2d4ec8fb249ca1553af0b0b89a343165,10,83.0,78.0,161.0,3,30501,541,166,122,5
swe_prbench,python,vibrantlabsai/ragas,https://github.com/vibrantlabsai/ragas,https://github.com/vibrantlabsai/ragas/pull/2474,63d5f5438925d9b70f2bd98bfb5cdf35cfc342d6,52678efd757008b028efd751b84bbdc9d3bc6763,8,269.0,5.0,274.0,12,47555,694,387,119,5
swe_prbench,python,optuna/optuna,https://github.com/optuna/optuna,https://github.com/optuna/optuna/pull/6428,52f6ef6ffe5a2a4c6386f8d83cd39335d7f3a2ae,3f2829a88ac04ec969fc7147e7adfdf5f168b9b6,2,42.0,20.0,62.0,1,23125,469,380,75,5
swe_prbench,python,prowler-cloud/prowler,https://github.com/prowler-cloud/prowler,https://github.com/prowler-cloud/prowler/pull/9816,a0166aede761ee3d97703ed98c0390f1f97586da,f78b72a41283793fa0ab84df2bca0edee2e6fffa,7,477.0,264.0,741.0,2,226523,9618,5698,3746,8
swe_prbench,python,cupy/cupy,https://github.com/cupy/cupy,https://github.com/cupy/cupy/pull/9660,513b954dcac7cdb70a725e8eed1af58642a79972,e7a794b5f93bfd61b2c80c42f5ea21f206625220,3,25.0,13.0,38.0,4,47317,1187,740,165,6
swe_prbench,python,pypa/pip,https://github.com/pypa/pip,https://github.com/pypa/pip/pull/13625,54de6f95754d25b4024f95b276740c88c424d23a,663a4b0de715af61c5190e50e6ac5aebf3725afa,17,668.0,19.0,687.0,19,74044,1024,637,181,6
swe_prbench,python,Chia-Network/chia-blockchain,https://github.com/Chia-Network/chia-blockchain,https://github.com/Chia-Network/chia-blockchain/pull/20282,8eba5d84904229b5990f6cae6f33c7a4c56434e3,299dd2dc791b2a0102501880c01965fc398e1643,2,115.0,21.0,136.0,15,160312,1194,936,110,6
swe_prbench,python,cupy/cupy,https://github.com/cupy/cupy,https://github.com/cupy/cupy/pull/9549,dc89de4828981881af4f66ae9ada6501b8ada147,a3e16fd5ac40abe76f3daef88ac0ef2390f122e0,9,69.0,8.0,77.0,8,47317,1187,740,165,6
swe_prbench,python,simonw/datasette,https://github.com/simonw/datasette,https://github.com/simonw/datasette/pull/2539,bda69ff1c96b3dbec705434cb950a1e470838a01,e46ca9eb7df60e1509dd3e2040627c373e60d1b8,6,458.0,71.0,529.0,2,8287,275,124,25,4
swe_prbench,python,pipecat-ai/pipecat,https://github.com/pipecat-ai/pipecat,https://github.com/pipecat-ai/pipecat/pull/3084,9efb21d61ee13690d86d3aa5e042ca8a1232c47c,1330ef3ad60fe10108b8b345869a50fd7b1e8ee2,74,268.0,373.0,641.0,15,143589,994,812,173,6
swe_prbench,python,pipecat-ai/pipecat,https://github.com/pipecat-ai/pipecat,https://github.com/pipecat-ai/pipecat/pull/3020,c2ce143e6c162da627c270c43fbcf5146b6f00d5,913194844e430a3056bd1272e87f450d42706499,10,113.0,44.0,157.0,5,143589,994,812,173,6
swe_prbench,python,numba/numba,https://github.com/numba/numba,https://github.com/numba/numba/pull/10226,4c37ce138ef7ecbf04474cc706885a6d4312b279,c720a4db6632da98ccb0608e9f32581badfd0f75,8,57.0,11.0,68.0,6,80929,1027,752,78,5
swe_prbench,python,Chia-Network/chia-blockchain,https://github.com/Chia-Network/chia-blockchain,https://github.com/Chia-Network/chia-blockchain/pull/20166,09aa4bbd276afd79ef1da5e7125b1a6f4816e470,bae4615a578181e2ba98225807f6e235b25dcbf9,6,150.0,43.0,193.0,13,160312,1194,936,110,6
swe_prbench,python,pipecat-ai/pipecat,https://github.com/pipecat-ai/pipecat,https://github.com/pipecat-ai/pipecat/pull/3224,5f6448a8a4d01cf30b2be62417eb4e3adf9ceb15,54926f390daf72bce1d0ce2729d8a5a4e3029531,15,283.0,246.0,529.0,6,143589,994,812,173,6
swe_prbench,python,kedro-org/kedro,https://github.com/kedro-org/kedro,https://github.com/kedro-org/kedro/pull/5290,1a9349f3ac7e1e9168a2ddf58abb132c897a5c45,1abc46898517b44cd33cc4b7c70a579717a7ba52,5,160.0,13.0,173.0,3,246653,663,196,129,7
swe_prbench,python,pypa/pip,https://github.com/pypa/pip,https://github.com/pypa/pip/pull/9058,c782c6ba3eb7a807f02dba3508c1ae77f6f41883,43c7566756238e08f8d1d668af109fb2ce3fdfcf,5,381.0,3.0,384.0,16,74044,1024,637,181,6
swe_prbench,python,cupy/cupy,https://github.com/cupy/cupy,https://github.com/cupy/cupy/pull/9567,436db3b23fda3601b641fa86096dcfc4b7645e94,af3b0045f21a6ee7e04c0395d44ac2acc39b6bf6,5,344.0,45.0,389.0,12,47317,1187,740,165,6
swe_prbench,python,espnet/espnet,https://github.com/espnet/espnet,https://github.com/espnet/espnet/pull/6272,13be209683c37a9895d75be32a981da1844d5780,e6f26405bc691d4e64f604fce22b8521c5b47592,15,158.0,78.0,236.0,3,1461583,10442,2072,1875,8
swe_prbench,python,spyder-ide/spyder,https://github.com/spyder-ide/spyder,https://github.com/spyder-ide/spyder/pull/25194,d882d85fae1383eee973b9568aa9aa742e081b92,69c5185ffbba32eafe0b2f9c9794cfc6c76038bd,2,16.0,5.0,21.0,3,155668,2438,1006,1057,13
swe_prbench,python,livekit/agents,https://github.com/livekit/agents,https://github.com/livekit/agents/pull/3392,7757b0ef271706d9ff69c7780b06738b8e5558f0,e7ae8568e1d9296114eb38bb55a5cd98a37deac9,12,775.0,3.0,778.0,13,26307,1045,741,349,7
swe_prbench,python,kedro-org/kedro,https://github.com/kedro-org/kedro,https://github.com/kedro-org/kedro/pull/5181,3d14d221fcfd6084b0fe4b1661ce025929a59a40,efd3379aac9cbb8573b61738966a944f6cdaeb07,2,503.0,0.0,503.0,28,246653,663,196,129,7
swe_prbench,python,cupy/cupy,https://github.com/cupy/cupy,https://github.com/cupy/cupy/pull/9496,4d9486da2976ac89f10c69efdc3f09765349b4bf,8064317c6454a99bf7a424a91de85d410c7b5672,25,133.0,292.0,425.0,3,47317,1187,740,165,6
swe_prbench,python,dask/dask,https://github.com/dask/dask,https://github.com/dask/dask/pull/12119,9915a79b0fc0ac4365a35116a13d252cc39c569b,03c5e8c61e96ad8219ae4da85c6c46d7ce858f61,2,32.0,2.0,34.0,8,129373,621,363,44,5
swe_prbench,python,json-schema-org/JSON-Schema-Test-Suite,https://github.com/json-schema-org/JSON-Schema-Test-Suite,https://github.com/json-schema-org/JSON-Schema-Test-Suite/pull/791,980e10529f4aba741403a8466cace29a97e67a22,acaece38e8d5f2373052c77110159db5c11b63a9,6,24.0,25.0,49.0,2,1792,558,0,60,4
swe_prbench,python,spyder-ide/spyder,https://github.com/spyder-ide/spyder,https://github.com/spyder-ide/spyder/pull/25559,21b46fc15be4c7962b5e11778f0dcdd9e2dab9a2,5ba72dcf20a5857e76db3bc92514ecafe84b2517,2,14.0,7.0,21.0,3,155668,2438,1006,1057,13
swe_prbench,python,huggingface/accelerate,https://github.com/huggingface/accelerate,https://github.com/huggingface/accelerate/pull/3890,db8835cc150c116f359122e6bc9dd66a9e480c37,1ce96307d128769aa7dd6de8faa3eca4472918cc,17,68.0,50.0,118.0,1,7046,356,197,56,5
swe_prbench,python,livekit/agents,https://github.com/livekit/agents,https://github.com/livekit/agents/pull/3933,053b872a34c91902cd3279a56b86737e0fdd0193,c3255af9408947edf8282e9a570e6189d5b67c88,8,226.0,45.0,271.0,18,26307,1045,741,349,7
swe_prbench,python,treeverse/dvc,https://github.com/treeverse/dvc,https://github.com/treeverse/dvc/pull/10866,b39a888948ad770cbd77e74c50aa74b901375231,e4897b62ec01e219d098aa54038674a6b9f1c0cd,5,102.0,8.0,110.0,4,20965,591,554,74,6
swe_prbench,python,espnet/espnet,https://github.com/espnet/espnet,https://github.com/espnet/espnet/pull/6340,8dd980a698e9541c5bfc4c7b76728e6cb832f190,8b5de6137a9f8522b155467ceb7b18277235ef75,6,177.0,532.0,709.0,6,1461583,10442,2072,1875,8
swe_prbench,python,kedro-org/kedro,https://github.com/kedro-org/kedro,https://github.com/kedro-org/kedro/pull/5250,8d44b2a516b5bdf9138c6ad0e0cb4849d5344cae,8a21b9a52378af4d1a87eaec4040393137e0da69,7,330.0,16.0,346.0,6,246653,663,196,129,7
swe_prbench,python,prowler-cloud/prowler,https://github.com/prowler-cloud/prowler,https://github.com/prowler-cloud/prowler/pull/9928,547c53e07c893e0b66c5e262ba597e3a9a0f9228,b8636576aec31973600c093bdd0d4bd175c983af,8,369.0,22.0,391.0,4,226523,9618,5698,3746,8
swe_prbench,python,vibrantlabsai/ragas,https://github.com/vibrantlabsai/ragas,https://github.com/vibrantlabsai/ragas/pull/2376,58f20a6aeb44274a58c5353b07c14a153aea396a,a4397323f1c2056fdcbb7b92c927241e3c121ec6,4,544.0,0.0,544.0,3,47555,694,387,119,5
swe_prbench,python,espnet/espnet,https://github.com/espnet/espnet,https://github.com/espnet/espnet/pull/6283,d93495baf1d5419df541801f2083bfd52844724c,32b16831fa130f8e16c3d512fe509d827db37bd6,8,287.0,319.0,606.0,12,1461583,10442,2072,1875,8
swe_prbench,python,Chia-Network/chia-blockchain,https://github.com/Chia-Network/chia-blockchain,https://github.com/Chia-Network/chia-blockchain/pull/20213,6964661bf4edd2f31a20e99907f438ea34308b8c,b05f3a1c0085aa8a4ee1bd26bea72d9de9c2017d,17,37.0,39.0,76.0,1,160312,1194,936,110,6
swe_prbench,python,pipecat-ai/pipecat,https://github.com/pipecat-ai/pipecat,https://github.com/pipecat-ai/pipecat/pull/3171,cd231cf829a684ed01e74306d18586dcdef16b40,8cf4267d87ec849ee5df3a4ee8a2f1579e639be5,8,696.0,3.0,699.0,15,143589,994,812,173,6
swe_prbench,python,pipecat-ai/pipecat,https://github.com/pipecat-ai/pipecat,https://github.com/pipecat-ai/pipecat/pull/2612,89fed57af23a3495db77e49cda723d2639bac440,11bc4ea8542be2af88f0a4215461d3f420a56e48,5,797.0,0.0,797.0,25,143589,994,812,173,6
swe_prbench,python,dagster-io/dagster,https://github.com/dagster-io/dagster,https://github.com/dagster-io/dagster/pull/33235,e5c31d6b6b6b646b20cce02520cc6cadc15c42e7,7513ec39a10a77858d11d7e79448f7be011d7c1e,5,385.0,37.0,422.0,9,1428244,13589,5997,3099,13
swe_prbench,python,prowler-cloud/prowler,https://github.com/prowler-cloud/prowler,https://github.com/prowler-cloud/prowler/pull/10003,4d569d5b795d17367d32b5e4cb6b1b9c9f5a55be,4d85ebcf8bfd2a1a3e87693dd557d784c21aaa0c,14,507.0,7.0,514.0,5,226523,9618,5698,3746,8
swe_prbench,python,spyder-ide/spyder,https://github.com/spyder-ide/spyder,https://github.com/spyder-ide/spyder/pull/25451,fea9ec961ebc6d462bba9351300de3e6291f46c0,31797ae5632d75def16cf07ac2d4b054419fea31,2,273.0,162.0,435.0,14,155668,2438,1006,1057,13
swe_prbench,python,autogluon/autogluon,https://github.com/autogluon/autogluon,https://github.com/autogluon/autogluon/pull/5572,8ab07861f260b29ad78d42c1b606531b47adf63e,2f860b137bf3517d0b566f0c0f991c2e17c5a7a0,8,74.0,11.0,85.0,2,25266,1311,989,310,9
swe_prbench,python,aws/serverless-application-model,https://github.com/aws/serverless-application-model,https://github.com/aws/serverless-application-model/pull/3863,f20277650171b431d7a34b311e8736ddf030ae69,311dd700afa1c89cd113804b31fe272d875d2dd8,7,502.0,0.0,502.0,18,246005,3681,400,112,4
swe_prbench,python,spyder-ide/spyder,https://github.com/spyder-ide/spyder,https://github.com/spyder-ide/spyder/pull/25595,a99a81c964c04bbc8a6d61fcc99ddd01548093c9,fa4836560d0a305e6be44ffd20bbeb2e7e72325d,4,54.0,38.0,92.0,2,155668,2438,1006,1057,13
swe_prbench,python,triton-inference-server/server,https://github.com/triton-inference-server/server,https://github.com/triton-inference-server/server/pull/8458,ebf8bffc50165b3e262fccb1ce631be93bfef74b,5be6ce4622efa4955a2c79454b77bdfcf2e9b406,7,671.0,7.0,678.0,19,39393,1665,388,900,7
swe_prbench,python,Chia-Network/chia-blockchain,https://github.com/Chia-Network/chia-blockchain,https://github.com/Chia-Network/chia-blockchain/pull/20019,e124fe05956b2a51e80909659e7cfec1fe0d2357,5c15e29d57b7b0d03656fb151bd2a12664a9805d,20,233.0,114.0,347.0,22,160312,1194,936,110,6
swe_prbench,python,cupy/cupy,https://github.com/cupy/cupy,https://github.com/cupy/cupy/pull/9621,0362252fe60b82efc7f6d38715a131a8bfa7b00a,3f774845bd4f607fc9af226cb8afe20ab8edf0e4,3,192.0,61.0,253.0,2,47317,1187,740,165,6
swe_prbench,python,livekit/agents,https://github.com/livekit/agents,https://github.com/livekit/agents/pull/4494,373bae43dc97916808e712ba9fbd8574dbfa38c2,1cfd7bd6755f349782c6d811de37eb929cdf4582,53,413.0,298.0,711.0,3,26307,1045,741,349,7
swe_prbench,python,pipecat-ai/pipecat,https://github.com/pipecat-ai/pipecat,https://github.com/pipecat-ai/pipecat/pull/2872,7967bc53c30274a117526249cd469979873fc1e2,1b9e96c0168facfef2f704af0d329553135eda49,4,65.0,77.0,142.0,3,143589,994,812,173,6
swe_prbench,python,vibrantlabsai/ragas,https://github.com/vibrantlabsai/ragas,https://github.com/vibrantlabsai/ragas/pull/2354,8b190e16b49b2e3f4d31af70426536fb59beec6f,bfdbaa30d8276ed0310a5793ca431e5bc136d0ea,2,206.0,6.0,212.0,2,47555,694,387,119,5
swe_prbench,python,Chia-Network/chia-blockchain,https://github.com/Chia-Network/chia-blockchain,https://github.com/Chia-Network/chia-blockchain/pull/20458,11a333717c9019c47f01f1d9e303b76d49578b66,e5480b925c6a798b87c4eaae895f23c28def0871,5,141.0,107.0,248.0,13,160312,1194,936,110,6
swe_prbench,python,simonw/datasette,https://github.com/simonw/datasette,https://github.com/simonw/datasette/pull/2551,b3721eaf507c6d8919b6e72779c1263f297d8c88,9989c814dd9b933396676bd1887c411b854349ff,6,177.0,168.0,345.0,7,8287,275,124,25,4
swe_prbench,python,dagster-io/dagster,https://github.com/dagster-io/dagster,https://github.com/dagster-io/dagster/pull/33231,5820956e56a45a4adae83fef2468a7b5482bca6b,edf81e0395002bb350cc4fdffca34ac1acfa0228,13,646.0,110.0,756.0,23,1428244,13589,5997,3099,13
swe_prbench,python,xorbitsai/inference,https://github.com/xorbitsai/inference,https://github.com/xorbitsai/inference/pull/4197,117ba29e07a77a7534496f18b9ced1d567c0673f,613487d7c73501c5882ea6972207ba4f86782dc4,13,303.0,36.0,339.0,2,72930,1683,924,305,10
swe_prbench,python,kedro-org/kedro,https://github.com/kedro-org/kedro,https://github.com/kedro-org/kedro/pull/5173,5d8024d6352e4d0009fc4817a005d0ba9e7e1a2f,82fe31307860e2771d0fa229e8dc327ca755136e,14,74.0,15.0,89.0,6,246653,663,196,129,7
swe_prbench,python,livekit/agents,https://github.com/livekit/agents,https://github.com/livekit/agents/pull/4145,068147d904cd76f0c094f5f7d98156370f3a66b9,799f872963f49583084ab2efee00f170325ed0e4,4,76.0,17.0,93.0,10,26307,1045,741,349,7
swe_prbench,python,livekit/agents,https://github.com/livekit/agents,https://github.com/livekit/agents/pull/3524,4a09684f97e770529a059f38e50b910d572564b9,8d894aaf09481366c41f5a24e72480fe8802216d,5,56.0,35.0,91.0,14,26307,1045,741,349,7
swe_prbench,python,espnet/espnet,https://github.com/espnet/espnet,https://github.com/espnet/espnet/pull/6293,5d058f788952182920837aed785b77d2c72dc794,5cf99eb7ca68431e12df3a5da01e6bb5f5287c71,2,10.0,13.0,23.0,2,1461583,10442,2072,1875,8
swe_prbench,python,redis/redis-py,https://github.com/redis/redis-py,https://github.com/redis/redis-py/pull/3939,2b2f2cf5416862d15399f422c3658c0e1d671a10,8378770048239a6cb6a9216ca480ea1e3b66f2d9,6,417.0,62.0,479.0,4,12511,387,293,51,4
swe_prbench,python,espnet/espnet,https://github.com/espnet/espnet,https://github.com/espnet/espnet/pull/6284,2e878bfb35c5d5e56493f100a9be21400f33785c,b0be59bf38b14a2b80c20e82fa2894e2a5e17f18,1,158.0,35.0,193.0,5,1461583,10442,2072,1875,8
swe_prbench,python,Chia-Network/chia-blockchain,https://github.com/Chia-Network/chia-blockchain,https://github.com/Chia-Network/chia-blockchain/pull/20351,428e26cf5bcb8e7fbb6744a2eae070e7ee2755c9,d261984476ff9bd7c4b6792538c3a85437d06557,3,181.0,34.0,215.0,26,160312,1194,936,110,6
swe_prbench,python,pipecat-ai/pipecat,https://github.com/pipecat-ai/pipecat,https://github.com/pipecat-ai/pipecat/pull/3360,10983944860f8f07c5f551ac255c9bcadabebe61,2aadac7a4dfe4f39c2d71ec6d6b31aa0c2078813,17,257.0,17.0,274.0,20,143589,994,812,173,6
swe_prbench,python,falconry/falcon,https://github.com/falconry/falcon,https://github.com/falconry/falcon/pull/2541,40ecd717cfc931cb6015a9cbdc321f31265b5abf,c7aac1982cd88dcb84badf5ddc2df2f395178d50,3,37.0,5.0,42.0,23,8074,433,265,65,5
swe_prbench,python,numba/numba,https://github.com/numba/numba,https://github.com/numba/numba/pull/10237,a5c5480cddf3fb8b1cc0ff2f4fef73d4441e125a,b89dbebb974e50fb6b4d0a87741bb2fc3e51d7d5,3,50.0,0.0,50.0,4,80929,1027,752,78,5
swe_prbench,python,kedro-org/kedro,https://github.com/kedro-org/kedro,https://github.com/kedro-org/kedro/pull/5352,37ec20e7db2a214d03b37ca1e83656eaabe4718e,d88ab91d7d579b2b6803bd28c6277a30b9271511,5,55.0,23.0,78.0,3,246653,663,196,129,7
swe_prbench,python,dask/dask,https://github.com/dask/dask,https://github.com/dask/dask/pull/12002,a9d0e52172656a2466f8da4af0a32773cc7a0968,b172c5f778c08df69c3680ee80e51eaac7cdda38,21,65.0,86.0,151.0,8,129373,621,363,44,5
swe_prbench,python,boto/boto3,https://github.com/boto/boto3,https://github.com/boto/boto3/pull/4629,71104782ccd5e3198f04e00d55c21a43a0aba3cb,177e90022e3d3975e7e07a42b17ec3dfd9c1797a,10,308.0,31.0,339.0,14,14839,2270,103,67,5
swe_prbench,python,spyder-ide/spyder,https://github.com/spyder-ide/spyder,https://github.com/spyder-ide/spyder/pull/25281,ffd068a0983d4569209b17ef27212828dcc57058,73729ab5a9ed35a42c8a155e96666d71ee966623,2,10.0,3.0,13.0,2,155668,2438,1006,1057,13
swe_prbench,python,spyder-ide/spyder,https://github.com/spyder-ide/spyder,https://github.com/spyder-ide/spyder/pull/23761,a64184aaddcd85d126415f2cffab21a5604faa3f,7c578391ce072a62120b0fb78c3acedb9ccdc46d,5,81.0,73.0,154.0,3,155668,2438,1006,1057,13
swe_prbench,python,prowler-cloud/prowler,https://github.com/prowler-cloud/prowler,https://github.com/prowler-cloud/prowler/pull/9834,1a2a2ea3cc7e29573dd505333552a06b7c4c9ad8,cc7f7bc16f1ebd92c92663f070f6d968861e7ac2,7,602.0,0.0,602.0,3,226523,9618,5698,3746,8
swe_prbench,python,cupy/cupy,https://github.com/cupy/cupy,https://github.com/cupy/cupy/pull/9518,6dc153dc0c03fd343d572fcc70a725c58edb10ab,20c62764e7fed4382579099016f2137422486325,10,24.0,22.0,46.0,8,47317,1187,740,165,6
swe_prbench,python,kedro-org/kedro,https://github.com/kedro-org/kedro,https://github.com/kedro-org/kedro/pull/5257,5ed3758cc746ffea2115dd80c9131033907aaca8,d73430190f4129b1d36c0c2e94cc339a683342ee,17,72.0,65.0,137.0,3,246653,663,196,129,7
swe_prbench,python,kedro-org/kedro,https://github.com/kedro-org/kedro,https://github.com/kedro-org/kedro/pull/5142,bc4aac5d5e4afadb9dd78a7a9540a0c494c17dcf,705ce431f96d03d269a54aa8a3ffa6831fe4d33d,7,640.0,6.0,646.0,23,246653,663,196,129,7
swe_prbench,python,kedro-org/kedro,https://github.com/kedro-org/kedro,https://github.com/kedro-org/kedro/pull/5273,eaf192be85aeff550c73d8dae3cdd4be5e19de12,83caa064b8fc2ef8c1f35fc952fadbb3a45392ca,9,712.0,15.0,727.0,17,246653,663,196,129,7
swe_prbench,python,kedro-org/kedro,https://github.com/kedro-org/kedro,https://github.com/kedro-org/kedro/pull/5269,3ab5d23ef4ea1510e1cc6024cf8d7e1e2e13eeef,3675482cd41d490c9d57a74303982f293d592ed7,11,93.0,57.0,150.0,2,246653,663,196,129,7
swe_prbench,python,Netflix/metaflow,https://github.com/Netflix/metaflow,https://github.com/Netflix/metaflow/pull/2441,a7e34cbc95bb6055e9f10d97c1d646bca37ac5fa,dab31a7ccf2cb64b46970713ec4c70fbce49c462,2,67.0,2.0,69.0,2,47494,1002,639,176,9
swe_prbench,python,livekit/agents,https://github.com/livekit/agents,https://github.com/livekit/agents/pull/4310,b3e5ce5e4703f94970c64564a120ee88c9fca2d7,42f3696dd63e2bf283a2c01dccee2a8e98dfdaee,12,52.0,15.0,67.0,2,26307,1045,741,349,7
swe_prbench,python,cupy/cupy,https://github.com/cupy/cupy,https://github.com/cupy/cupy/pull/9561,9176f735c9b29e5b5baca6ce6ea398d9fddc4f3d,6f6c68a47ec2c21619b499c6907166461e72763d,5,278.0,2.0,280.0,2,47317,1187,740,165,6
swe_prbench,python,falconry/falcon,https://github.com/falconry/falcon,https://github.com/falconry/falcon/pull/2446,1ff571c51d77ce2703d5f99913b4729d558eb9ee,d9b14dc6def260cc4d0da3f2c97850c1159eef5b,10,541.0,10.0,551.0,23,8074,433,265,65,5
swe_prbench,python,redis/redis-py,https://github.com/redis/redis-py,https://github.com/redis/redis-py/pull/3899,334cb3b4fdf57ef8772c3320927385f517e89cab,b2b314b1c620390207a9f2880f3f3c045c7ec1ff,4,77.0,31.0,108.0,1,12511,387,293,51,4
swe_prbench,python,spyder-ide/spyder,https://github.com/spyder-ide/spyder,https://github.com/spyder-ide/spyder/pull/25262,b1eb96f846d1564e689ffb1c02ccaa93b1005471,a5ad9564c42817a3a61357116930f5528d9d91bf,80,110.0,81.0,191.0,3,155668,2438,1006,1057,13
swe_prbench,python,pipecat-ai/pipecat,https://github.com/pipecat-ai/pipecat,https://github.com/pipecat-ai/pipecat/pull/2745,029d76033dd0aa454dd7139d930c5cadb5611f61,ad507ce23da59f93acaf821838582d53423bb4b8,18,332.0,86.0,418.0,3,143589,994,812,173,6
swe_prbench,python,redis/redis-py,https://github.com/redis/redis-py,https://github.com/redis/redis-py/pull/3938,9ac9ee6ce13f4b292b1d2d3db81ef0f30afe29b4,33bf8ed91a32a9bf772d30800a432bbc38021f88,3,80.0,3.0,83.0,5,12511,387,293,51,4
swe_prbench,python,Chia-Network/chia-blockchain,https://github.com/Chia-Network/chia-blockchain,https://github.com/Chia-Network/chia-blockchain/pull/20239,5664516dda7e766c8a73431cb16c980e716f600a,2dbfe57081f5bb9f75dfffc09ac285d812c654b1,8,72.0,35.0,107.0,4,160312,1194,936,110,6
swe_prbench,python,numba/numba,https://github.com/numba/numba,https://github.com/numba/numba/pull/10390,2888b02baa5475ccb95a354c1523e6578ef3bd2e,24e10d0dda4aa02e5571e3706caefb8cd8ff4c32,3,54.0,1.0,55.0,1,80929,1027,752,78,5
swe_prbench,python,Lightning-AI/litgpt,https://github.com/Lightning-AI/litgpt,https://github.com/Lightning-AI/litgpt/pull/2134,062fff2f96f27416cc866eefb32352955234a332,16eb87bb11a6744b8cfd3ce09227753d09382759,3,200.0,6.0,206.0,2,5826,250,137,55,4
swe_prbench,python,dagster-io/dagster,https://github.com/dagster-io/dagster,https://github.com/dagster-io/dagster/pull/33243,eb49cf565d5c347d9133b7352246d05871742fea,a5cd5b372457ff9e92d844af417975513a60d858,4,319.0,22.0,341.0,11,1428244,13589,5997,3099,13
swe_prbench,python,vibrantlabsai/ragas,https://github.com/vibrantlabsai/ragas,https://github.com/vibrantlabsai/ragas/pull/2401,09464cf2db35d0f65d3b71fb31997edc0e6e0169,50f42f07fd1a0497c97a4722d8162f0533b49bee,5,607.0,2.0,609.0,4,47555,694,387,119,5
swe_prbench,python,redis/redis-py,https://github.com/redis/redis-py,https://github.com/redis/redis-py/pull/3880,12c9a38154c71bd95c89161cf50eaabc3c976cf7,791de9b0056bf484519a975edadde6ba0fef5782,9,387.0,44.0,431.0,4,12511,387,293,51,4
swe_prbench,python,xorbitsai/inference,https://github.com/xorbitsai/inference,https://github.com/xorbitsai/inference/pull/4393,92d4c7b035da47456fee1b90bff3310eeed9de89,05fe9e5d809de383ded8e2311f23be0804a46f57,5,19.0,14.0,33.0,5,72930,1683,924,305,10
swe_prbench,python,prowler-cloud/prowler,https://github.com/prowler-cloud/prowler,https://github.com/prowler-cloud/prowler/pull/9774,17f5633a8df403a2e6de066406fcdef087f8a57b,7cb653e81868ecdc0d3abf1aff3c311a356c766f,9,501.0,0.0,501.0,2,226523,9618,5698,3746,8
swe_prbench,python,unit8co/darts,https://github.com/unit8co/darts,https://github.com/unit8co/darts/pull/2984,fe51221805d7b830e74edd24fd746cf0cedf116b,c22cf740b6ad7621eaa985a73f50aed5106aaf3d,3,29.0,28.0,57.0,2,277181,431,281,72,7
swe_prbench,python,triton-inference-server/server,https://github.com/triton-inference-server/server,https://github.com/triton-inference-server/server/pull/8538,35ff880b8ff745920e1539d16fca92d1b079a600,d644d84d75438d07e0c9ff4d70c95610d084820e,7,720.0,27.0,747.0,10,39393,1665,388,900,7
swe_prbench,python,dask/dask,https://github.com/dask/dask,https://github.com/dask/dask/pull/12205,6dff73f6953bbf5553308b675048c92bdb810f2e,e6bb5072ffbf3a252d75fd1e4ce85984a925914f,3,93.0,50.0,143.0,3,129373,621,363,44,5
swe_prbench,python,confident-ai/deepeval,https://github.com/confident-ai/deepeval,https://github.com/confident-ai/deepeval/pull/2113,44446e37ae405deb10995cfb3731f4e3285efa39,f804742a4b611763415cab0b7e755db1c0cc110d,12,524.0,49.0,573.0,1,113816,1435,819,257,5
swe_prbench,python,dask/dask,https://github.com/dask/dask,https://github.com/dask/dask/pull/12103,0fe7582fbfea9d62249e6158382652421e1b0b6e,3ccdaefda56495dfbbf3aa86e26752002afbc573,4,191.0,2.0,193.0,5,129373,621,363,44,5
swe_prbench,python,sqlfluff/sqlfluff,https://github.com/sqlfluff/sqlfluff,https://github.com/sqlfluff/sqlfluff/pull/7436,67f1bccf089502a828d38181f9e236bd965c6421,4dbfdbe44e17856af5ce7828cc2acd1259b457d8,6,271.0,21.0,292.0,4,50120,5556,426,326,9
swe_prbench,python,triton-inference-server/server,https://github.com/triton-inference-server/server,https://github.com/triton-inference-server/server/pull/8570,dd2fc4fed64a29ef15d1c7d3e9e8ab8f18c7692e,a2b5cd9685e11495f0ad8bdec8700864672d1950,7,489.0,21.0,510.0,3,39393,1665,388,900,7
swe_prbench,python,kornia/kornia,https://github.com/kornia/kornia,https://github.com/kornia/kornia/pull/3302,ac68bcd443467469e92ec8f1d6b29ff245fac0dc,6ec11da5d72813c3dfe8d2da07b49d43ed88b229,13,283.0,272.0,555.0,4,83043,905,763,140,5
swe_prbench,python,numba/numba,https://github.com/numba/numba,https://github.com/numba/numba/pull/10224,54c94572d33abaa17f96c7555c86635cb398a1ea,eefdef3717f24193e43761ff516643b3e6ea542a,3,66.0,6.0,72.0,1,80929,1027,752,78,5
swe_prbench,python,livekit/agents,https://github.com/livekit/agents,https://github.com/livekit/agents/pull/4131,76f40843a454d7db4a7bbc983837b20db6e4f2ae,783a1281ea58c8736a32758a6a1774964914c0ec,8,206.0,40.0,246.0,14,26307,1045,741,349,7
swe_prbench,python,sktime/sktime,https://github.com/sktime/sktime,https://github.com/sktime/sktime/pull/9107,c2daca3490edbfe16a5b86676de57acd9ab8ce61,4f2af64ef937b4cd790406b9ed4e79fe8168af1e,3,395.0,0.0,395.0,8,90541,1855,1550,367,5
swe_prbench,python,dagster-io/dagster,https://github.com/dagster-io/dagster,https://github.com/dagster-io/dagster/pull/33336,6e8a71d50a44d89b343ab4453456a86fa9079f73,7bf377acbd4fd000e7c2c2234b672433ac82da9f,7,84.0,43.0,127.0,5,1428244,13589,5997,3099,13
swe_prbench,python,pipecat-ai/pipecat,https://github.com/pipecat-ai/pipecat,https://github.com/pipecat-ai/pipecat/pull/3214,c8a86059fbaaeedc82c99fd1537ce447e4cc7d11,cdd6f5aa6a7c19047e56f8640d9766385d08776e,6,366.0,65.0,431.0,5,143589,994,812,173,6
swe_prbench,python,kornia/kornia,https://github.com/kornia/kornia,https://github.com/kornia/kornia/pull/3334,c18e3a1a00eae4ac86feaa436cdfa432c25fcdc9,0439f4c9b2113b4b89f88ff7d9436be013b3714d,5,227.0,107.0,334.0,2,83043,905,763,140,5
swe_prbench,python,deepchem/deepchem,https://github.com/deepchem/deepchem,https://github.com/deepchem/deepchem/pull/4561,d6f0999fcf23a8c751038a0786dea53b82e4069a,e2abe9e7d3abc343813d30c74b274c18100bd0b8,1,667.0,0.0,667.0,10,598998,1506,875,181,6
swe_prbench,python,livekit/agents,https://github.com/livekit/agents,https://github.com/livekit/agents/pull/4126,1c98380d921b5b07828ade919abc05e6a998b8a2,685f573450f7c709e360efd0d081abf71e7f5574,9,437.0,356.0,793.0,15,26307,1045,741,349,7
swe_prbench,python,dask/dask,https://github.com/dask/dask,https://github.com/dask/dask/pull/12206,08ecad3eaf831804bd2ba58fb80cb1d5ff4f4115,890f9f831ecb3773ca9dd2d1be3798e8dd56fc97,6,79.0,8.0,87.0,2,129373,621,363,44,5
swe_prbench,python,cupy/cupy,https://github.com/cupy/cupy,https://github.com/cupy/cupy/pull/9523,aaf8a49d069f83217fcb7d1792852d8629b21dcf,9e8ae59db8e1a8e95160d3a6ef6e492056eacfae,17,349.0,268.0,617.0,8,47317,1187,740,165,6
swe_prbench,python,espnet/espnet,https://github.com/espnet/espnet,https://github.com/espnet/espnet/pull/6255,7bbb72f431362361d490f63a4418d60516f14ad8,7c0bd1ea07314160da7edbfa6c1dc30491991114,5,155.0,49.0,204.0,4,1461583,10442,2072,1875,8
swe_prbench,python,unit8co/darts,https://github.com/unit8co/darts,https://github.com/unit8co/darts/pull/2994,f4438430ba406c7c1c6f1f39dbfd5e463e2c5c51,0c0d03bce956b97413c153602d13071fd7add271,7,459.0,0.0,459.0,6,277181,431,281,72,7
swe_prbench,python,pypa/pip,https://github.com/pypa/pip,https://github.com/pypa/pip/pull/13732,5534937274d10c04811750d10275840bae7a9d9a,0b9c2d304e1a64858df076ac59ce2f60ffb99a15,9,67.0,50.0,117.0,7,74044,1024,637,181,6
swe_prbench,python,pipecat-ai/pipecat,https://github.com/pipecat-ai/pipecat,https://github.com/pipecat-ai/pipecat/pull/3495,308829f92ba1f4f920189cec634fe77a7c6f67c6,30053132fb0359ee6220b176f213a79f97c1317f,22,309.0,63.0,372.0,13,143589,994,812,173,6
swe_prbench,python,Chia-Network/chia-blockchain,https://github.com/Chia-Network/chia-blockchain,https://github.com/Chia-Network/chia-blockchain/pull/20237,ab53414e2aa5988d6feb91ce868b8e62f895b21d,470f977cf5d3d22ea390b0ad75e90b5091e1a3c4,10,73.0,25.0,98.0,3,160312,1194,936,110,6
swe_prbench,python,numba/numba,https://github.com/numba/numba,https://github.com/numba/numba/pull/10223,338b0a2a98a3ede6fba7888a03726804d2059a61,d9acebe7bdbed38599d73cfc9149a2244df4b97d,3,69.0,6.0,75.0,13,80929,1027,752,78,5
swe_prbench,python,sqlfluff/sqlfluff,https://github.com/sqlfluff/sqlfluff,https://github.com/sqlfluff/sqlfluff/pull/7471,ddbc4a2928d0ee6edc053887019b9db9b32c8d87,9ffc84c712cad8938c9ad00f7cb46aec4e987e84,16,550.0,185.0,735.0,6,50120,5556,426,326,9
swe_prbench,python,pipecat-ai/pipecat,https://github.com/pipecat-ai/pipecat,https://github.com/pipecat-ai/pipecat/pull/2932,84ed2468e5628ca0d212f30ca136806d68b10168,9dafb715c4c4e21c2d4d845c7c9bd3cef07cd1e4,13,358.0,105.0,463.0,15,143589,994,812,173,6
swe_prbench,python,Chia-Network/chia-blockchain,https://github.com/Chia-Network/chia-blockchain,https://github.com/Chia-Network/chia-blockchain/pull/20235,716a296fed8f84108e4c76046543454f429ef2e6,3466f7bdc5a6ab6aeafa89451f71d0d1966dea1b,7,146.0,37.0,183.0,11,160312,1194,936,110,6
swe_prbench,python,vibrantlabsai/ragas,https://github.com/vibrantlabsai/ragas,https://github.com/vibrantlabsai/ragas/pull/2526,6098660bab92bdc8242a8925bd5499490a5a0c4d,58e22a385a3e38d502d35762004562c876405642,7,468.0,5.0,473.0,3,47555,694,387,119,5
swe_prbench,python,pipecat-ai/pipecat,https://github.com/pipecat-ai/pipecat,https://github.com/pipecat-ai/pipecat/pull/2937,493d6bf91e42f50768c7ce990f5f89456caa9aeb,9d509bb40956c7ebcbf8a3d478a7a19038c047fc,3,380.0,177.0,557.0,13,143589,994,812,173,6
swe_prbench,python,espnet/espnet,https://github.com/espnet/espnet,https://github.com/espnet/espnet/pull/6302,c61e21170895255cb93d1d3857bc15b818daca99,42b49b597c97fd1ae46c35925d22080430051e3c,2,33.0,1.0,34.0,1,1461583,10442,2072,1875,8
swe_prbench,python,sqlfluff/sqlfluff,https://github.com/sqlfluff/sqlfluff,https://github.com/sqlfluff/sqlfluff/pull/7496,5ab98d50065c7f1b9a7168971923a56812b7efb7,7aa29eaec14afc0d8795244d72078be82af963a4,4,212.0,55.0,267.0,1,50120,5556,426,326,9
swe_prbench,python,sqlfluff/sqlfluff,https://github.com/sqlfluff/sqlfluff,https://github.com/sqlfluff/sqlfluff/pull/7329,2d798cbb6c4d3db8936be3abeba11c84997a5818,b3f2784e0bd532f98ad9291ef9b164aa5347daee,3,12.0,4.0,16.0,4,50120,5556,426,326,9
swe_prbench,python,prowler-cloud/prowler,https://github.com/prowler-cloud/prowler,https://github.com/prowler-cloud/prowler/pull/9876,a1637ec46bfe2881c14f9f6d1535887c47bdbbd0,99f404484be847b61d9fd906f28329bd7d4dd6d4,5,245.0,115.0,360.0,3,226523,9618,5698,3746,8
swe_prbench,python,simonw/datasette,https://github.com/simonw/datasette,https://github.com/simonw/datasette/pull/2562,b7ef968c6ff707f4c452f1da17c969b733d73dc8,e3f40f42d53ad69d8de6460ad0337fa812bedd0e,10,366.0,223.0,589.0,2,8287,275,124,25,4
swe_prbench,python,unit8co/darts,https://github.com/unit8co/darts,https://github.com/unit8co/darts/pull/2989,807d22c7c62247dae2628010f94d694796f04ec9,5bb4013c5ac684b9e9241b44c4cde8d2237e7695,3,72.0,31.0,103.0,3,277181,431,281,72,7
swe_prbench,python,kedro-org/kedro,https://github.com/kedro-org/kedro,https://github.com/kedro-org/kedro/pull/4686,743d589ccf8ddd417f7fa50a29d2205f666e3ad2,a92245afebe387bb07e7704b2f949800e953f4a7,2,119.0,38.0,157.0,34,246653,663,196,129,7
swe_prbench,python,unit8co/darts,https://github.com/unit8co/darts,https://github.com/unit8co/darts/pull/3000,d92bf9332f13e2940077871f755b65532b004985,23f928116577cbb8930acf97c5c7976a8d6fc292,4,492.0,16.0,508.0,8,277181,431,281,72,7
swe_prbench,python,prowler-cloud/prowler,https://github.com/prowler-cloud/prowler,https://github.com/prowler-cloud/prowler/pull/9837,ea847d88248dc798f50f410ccabc06a0f45ebd06,edc3881af49b8227efb2dd98c843ef369ff090a2,9,504.0,7.0,511.0,2,226523,9618,5698,3746,8
swe_prbench,python,dagster-io/dagster,https://github.com/dagster-io/dagster,https://github.com/dagster-io/dagster/pull/33242,1bab83cb70a19cc08069b84a0dcb286fec65769a,ea50ec3da4a2475b1973f7208f2524a3429996c7,6,334.0,2.0,336.0,9,1428244,13589,5997,3099,13
swe_prbench,python,aws/serverless-application-model,https://github.com/aws/serverless-application-model,https://github.com/aws/serverless-application-model/pull/3856,72b56116d11d1aa728f1845437ea1c11e762643b,5ef1573d954b7571b2ba3cb9708132e50faade80,6,458.0,6.0,464.0,1,246005,3681,400,112,4
swe_prbench,python,aws/serverless-application-model,https://github.com/aws/serverless-application-model,https://github.com/aws/serverless-application-model/pull/3869,70e61e067fa0d7d15b64e479cd48f0ad3c3ed6c9,17d10d209dd83adf87bb8f3ee733f639751979e7,8,526.0,144.0,670.0,10,246005,3681,400,112,4
swe_prbench,python,xorbitsai/inference,https://github.com/xorbitsai/inference,https://github.com/xorbitsai/inference/pull/4482,122315f51a84c6e634b47ba8f979681707dcb2e5,16b6fd3f2806939e7451d33c7a90468a50d1bf7f,6,132.0,10.0,142.0,4,72930,1683,924,305,10
swe_prbench,python,prowler-cloud/prowler,https://github.com/prowler-cloud/prowler,https://github.com/prowler-cloud/prowler/pull/9829,a1637ec46bfe2881c14f9f6d1535887c47bdbbd0,3e7c8c30d40bc0bdd44844cac5e054fee981d162,4,334.0,69.0,403.0,4,226523,9618,5698,3746,8
swe_prbench,python,dask/dask,https://github.com/dask/dask,https://github.com/dask/dask/pull/12153,dce3ec521e689e9bdf0edfa3217c7a0aa5160400,daf2dcd05889ead18f2b75b4429f523cc9420a37,2,280.0,115.0,395.0,25,129373,621,363,44,5
swe_prbench,python,livekit/agents,https://github.com/livekit/agents,https://github.com/livekit/agents/pull/4237,f9d519563aedb559e742d75e3cc6d5dd1ab83f2a,ac7291301552988431b44395859398d7904310b1,1,18.0,7.0,25.0,10,26307,1045,741,349,7
swe_prbench,python,Netflix/metaflow,https://github.com/Netflix/metaflow,https://github.com/Netflix/metaflow/pull/2616,96b0783fa6b97c734438e2371cb9abd9c265856a,b2a0bb06b2eadb8445fd8e7eab592cc3653e4467,4,238.0,73.0,311.0,2,47494,1002,639,176,9
swe_prbench,python,spyder-ide/spyder,https://github.com/spyder-ide/spyder,https://github.com/spyder-ide/spyder/pull/25544,1f711833692fefb9d88e202cbd2d283096ba8fc9,1640dbe863004518006381dd76b521b30f837dd7,5,55.0,35.0,90.0,11,155668,2438,1006,1057,13
swe_prbench,python,kornia/kornia,https://github.com/kornia/kornia,https://github.com/kornia/kornia/pull/3470,f4ee06cef75eea6bb7a9f95a8041f634586b25b5,df3e35072c9fd33bdee61d9be2fbb7d3bdf30ccc,2,222.0,75.0,297.0,8,83043,905,763,140,5
swe_prbench,python,sqlfluff/sqlfluff,https://github.com/sqlfluff/sqlfluff,https://github.com/sqlfluff/sqlfluff/pull/7314,1b7ece68831f988ded593432eee435a804cbbb5b,b7735714fed64e54ab2d2dec6bcc0416b71697ab,8,78.0,56.0,134.0,2,50120,5556,426,326,9
swe_prbench,python,aws/serverless-application-model,https://github.com/aws/serverless-application-model,https://github.com/aws/serverless-application-model/pull/3824,2d6818822ef99f4de6cc066920e7ad7fc9ca7f41,dd77e73a53fb58ef3de68a77661c36990027ea5b,3,176.0,6.0,182.0,1,246005,3681,400,112,4
swe_prbench,python,sqlfluff/sqlfluff,https://github.com/sqlfluff/sqlfluff,https://github.com/sqlfluff/sqlfluff/pull/7491,ae5fb1f9a16bbbc4accb3176e4c501a181151685,81bf6fc995ced1e7fe4323b03d1896da12651b85,4,293.0,70.0,363.0,8,50120,5556,426,326,9
swe_prbench,python,dbcli/mycli,https://github.com/dbcli/mycli,https://github.com/dbcli/mycli/pull/1436,82c7d92a16ad15906c46df14cc6e6ee0249609e6,02ecd6aaa90bb4002014e5498f7962916c29e896,3,50.0,65.0,115.0,4,4065,147,107,17,3
swe_prbench,python,simonw/datasette,https://github.com/simonw/datasette,https://github.com/simonw/datasette/pull/2587,1df4028d783f27a88bd304d47990ae4d0e7147bb,b189959b8bf0f7070195c1ecdb8f12d3f13b1f6b,7,526.0,4.0,530.0,1,8287,275,124,25,4
swe_prbench,python,spyder-ide/spyder,https://github.com/spyder-ide/spyder,https://github.com/spyder-ide/spyder/pull/25501,f9426874df272eba1b057382d1f41e5a6d4a95b2,33d8296cbe6ae5f12cc44f1c8b6ec42e8528a62f,4,18.0,7.0,25.0,3,155668,2438,1006,1057,13
swe_prbench,python,deepchem/deepchem,https://github.com/deepchem/deepchem,https://github.com/deepchem/deepchem/pull/4489,7883f10695cd2816a6b635ad7db7fa05f331f8a3,8305538092ffa4622b1626f3622b57750d8af175,5,146.0,35.0,181.0,1,598998,1506,875,181,6
swe_prbench,python,pipecat-ai/pipecat,https://github.com/pipecat-ai/pipecat,https://github.com/pipecat-ai/pipecat/pull/2821,334167e3d7a340598673b9fd6e7a3d893f91c127,d680ec2e69f7f626a954d2b5ad350381c7cd15ad,6,500.0,5.0,505.0,18,143589,994,812,173,6
swe_prbench,python,deepchem/deepchem,https://github.com/deepchem/deepchem,https://github.com/deepchem/deepchem/pull/4539,f03bc1db7f0183c56fa202b38f2bbc46b6a468df,6f1cc93de1e6aab4ea4e1eed1999dbb43ded9e06,4,190.0,1.0,191.0,2,598998,1506,875,181,6
swe_prbench,python,confident-ai/deepeval,https://github.com/confident-ai/deepeval,https://github.com/confident-ai/deepeval/pull/2140,10d431df2e62ce22b148e2e22d87f7721e5109d5,db6594f4be07c957744f13efd3d990c1d40971b5,4,74.0,7.0,81.0,2,113816,1435,819,257,5
swe_prbench,python,cupy/cupy,https://github.com/cupy/cupy,https://github.com/cupy/cupy/pull/9488,fb461fb57ed110d4cb54135aed944a16e8791e16,e5e5b3fcf15d3bba8f93d6557eff9199f44aec85,14,128.0,77.0,205.0,18,47317,1187,740,165,6
swe_prbench,python,Chia-Network/chia-blockchain,https://github.com/Chia-Network/chia-blockchain,https://github.com/Chia-Network/chia-blockchain/pull/20216,8c50242410d260be0d55604911759c6503a59fab,78d1f92550d640a7a9e6322d78bed7d0b2e44ae3,18,162.0,132.0,294.0,12,160312,1194,936,110,6
swe_prbench,python,Lightning-AI/litgpt,https://github.com/Lightning-AI/litgpt,https://github.com/Lightning-AI/litgpt/pull/2198,dce40d9cc281dc05e891592f5b6d710c361038b2,815d430822636b308177d6ae86e8baf35929e157,83,230.0,112.0,342.0,2,5826,250,137,55,4
swe_prbench,python,unit8co/darts,https://github.com/unit8co/darts,https://github.com/unit8co/darts/pull/2958,61831a2a6d45c1de566d231c46cb1c93ae0d9c69,15aec70a575e5f869ddc5a0c76968acb0ea93853,3,35.0,40.0,75.0,1,277181,431,281,72,7
swe_prbench,python,livekit/agents,https://github.com/livekit/agents,https://github.com/livekit/agents/pull/4835,1beb33f96c617885631b74bedd44fe66c40d7725,6e77073d8d3055cf1bf6353821008e2e4792e6ed,3,144.0,26.0,170.0,1,26307,1045,741,349,7
swe_prbench,python,statsmodels/statsmodels,https://github.com/statsmodels/statsmodels,https://github.com/statsmodels/statsmodels/pull/9716,b22e9bae2cab3b42d4c3fdaed8624a364561aaac,00777ca87ded0ef22fb6f5243171a0607637b88f,6,83.0,68.0,151.0,3,59666,2213,1203,229,9
swe_prbench,python,kornia/kornia,https://github.com/kornia/kornia,https://github.com/kornia/kornia/pull/3330,462ffd6d096f6ede6436753b1b322ee98b168521,7fa83b68c6d754c7c29cd9b60875c0e5128a0547,2,89.0,20.0,109.0,3,83043,905,763,140,5
swe_prbench,python,cupy/cupy,https://github.com/cupy/cupy,https://github.com/cupy/cupy/pull/9557,9176f735c9b29e5b5baca6ce6ea398d9fddc4f3d,b8b63ae4c21c1cc5ccbd48ab8acc07757c81a5ec,3,46.0,2.0,48.0,3,47317,1187,740,165,6
swe_prbench,python,kedro-org/kedro,https://github.com/kedro-org/kedro,https://github.com/kedro-org/kedro/pull/5225,8eff1563511a9778013b1900e99251bca448ab11,7a4845fdeb6b4c587294cd3a68fc542352d9a89a,47,225.0,212.0,437.0,12,246653,663,196,129,7
swe_prbench,python,kornia/kornia,https://github.com/kornia/kornia,https://github.com/kornia/kornia/pull/3482,8fa47b25d75fb77aef6be884a05623105445fd35,ab9abd414ddb048effae650fbaf2f08376a145ad,3,133.0,32.0,165.0,10,83043,905,763,140,5
swe_prbench,python,kedro-org/kedro,https://github.com/kedro-org/kedro,https://github.com/kedro-org/kedro/pull/5296,81ed2977b7289ee39108b857526f784f702b526b,5bfff28eafa62b9046eaf5fced308b0b8fd251e4,5,137.0,31.0,168.0,4,246653,663,196,129,7
swe_prbench,python,treeverse/dvc,https://github.com/treeverse/dvc,https://github.com/treeverse/dvc/pull/10945,3c774436968548cd0da89fd16cdc71f436547aba,114477513436a80124020c7e6d27f7fa379de82d,2,121.0,3.0,124.0,7,20965,591,554,74,6
swe_prbench,python,espnet/espnet,https://github.com/espnet/espnet,https://github.com/espnet/espnet/pull/6295,2d139b9198f954b55444c6b359d814164bc70817,5d11eb43d902ff2ff90c11adc26a995be3b3a210,22,548.0,0.0,548.0,8,1461583,10442,2072,1875,8
swe_prbench,python,cupy/cupy,https://github.com/cupy/cupy,https://github.com/cupy/cupy/pull/9554,662509837a8e92682f351d4af41de4c7ba12448e,f0fe5e64c811f2b30c56c731ede3bbf689f6b043,11,262.0,142.0,404.0,6,47317,1187,740,165,6
swe_prbench,python,scipy/scipy,https://github.com/scipy/scipy,https://github.com/scipy/scipy/pull/24123,29067d8fcaf316d7d89a87e5df6e885665a8168c,d88761ac79b9de629675dca74481e4eb3010d782,6,406.0,383.0,789.0,47,194313,3032,1103,323,8
swe_prbench,python,prowler-cloud/prowler,https://github.com/prowler-cloud/prowler,https://github.com/prowler-cloud/prowler/pull/9773,9ee77c2b9727ff94cdffea0e7a78104b5e23ed03,ca2bcd86936403a06834f2ca516e5866cf63ec01,13,432.0,89.0,521.0,3,226523,9618,5698,3746,8
swe_prbench,python,Chia-Network/chia-blockchain,https://github.com/Chia-Network/chia-blockchain,https://github.com/Chia-Network/chia-blockchain/pull/20326,a05a0c57d254ed74a482436a0d8c5f067fc6a033,5565471c62dc2ccfcf5c70b584a15d4e31bcd6c4,12,214.0,168.0,382.0,10,160312,1194,936,110,6
swe_prbench,python,espnet/espnet,https://github.com/espnet/espnet,https://github.com/espnet/espnet/pull/6280,4ef8c81cdf716906b2298cd62691bec1540c3d48,8757ea7e950940f6e1d8bfa5134052335c1ef46e,10,413.0,145.0,558.0,4,1461583,10442,2072,1875,8
swe_prbench,python,prowler-cloud/prowler,https://github.com/prowler-cloud/prowler,https://github.com/prowler-cloud/prowler/pull/9862,7dfafb93370f47b7cf58f6dd77c92135b9823c73,35673598f533854ba0f14a787a64e6a9575d2cfd,4,431.0,80.0,511.0,6,226523,9618,5698,3746,8
swe_prbench,python,Lightning-AI/litgpt,https://github.com/Lightning-AI/litgpt,https://github.com/Lightning-AI/litgpt/pull/2195,ac816e7729deeb459cfe1d0d00c1fedf2314c46b,33b126df4b376e99e15785f9dac0fdea00ccebe3,2,6.0,4.0,10.0,2,5826,250,137,55,4
swe_prbench,python,Chia-Network/chia-blockchain,https://github.com/Chia-Network/chia-blockchain,https://github.com/Chia-Network/chia-blockchain/pull/19848,9242a5cf4da3bff2f109bba9ee23edb9968c31ec,3dd1103e067cc6e8db393582edd6ae3143a11758,31,64.0,173.0,237.0,9,160312,1194,936,110,6
swe_prbench,python,pipecat-ai/pipecat,https://github.com/pipecat-ai/pipecat,https://github.com/pipecat-ai/pipecat/pull/3038,35ff44b799c21266572e919302bfcc73c8719712,b104a59b109168c01c0240ae885f7b3a0fd7e2ce,4,168.0,39.0,207.0,6,143589,994,812,173,6
swe_prbench,python,numba/numba,https://github.com/numba/numba,https://github.com/numba/numba/pull/10242,bbc17fc88d39f63aeb35cec2aea002be7f0808a0,bb540dd89a318cc401e39d61857aada274aa6f86,11,92.0,16.0,108.0,5,80929,1027,752,78,5
swe_prbench,python,pipecat-ai/pipecat,https://github.com/pipecat-ai/pipecat,https://github.com/pipecat-ai/pipecat/pull/3431,86fbfaddd18c1767244050c7b31f19a00082e01a,bb00d223c96cb45d31ca2c1264a24bb95fa5407e,3,38.0,20.0,58.0,6,143589,994,812,173,6
swe_prbench,python,prowler-cloud/prowler,https://github.com/prowler-cloud/prowler,https://github.com/prowler-cloud/prowler/pull/9865,5407f3c68ea65a184bbb1ee484a21a17a20c6b23,bbd6da60b62dc73d7632a7c75e80ebdeaf6ab5f0,6,238.0,0.0,238.0,4,226523,9618,5698,3746,8
swe_prbench,python,sissbruecker/linkding,https://github.com/sissbruecker/linkding,https://github.com/sissbruecker/linkding/pull/1261,7dfb8126c4b72f69931aa013b52b763fd20aa366,5c71dd2da424820e61b93b6b42d1f518f119b988,4,27.0,16.0,43.0,3,6328,438,224,48,4
swe_prbench,python,vibrantlabsai/ragas,https://github.com/vibrantlabsai/ragas,https://github.com/vibrantlabsai/ragas/pull/2331,49f47f18e0bf0e4abc7bee6f798c2c77aacb680d,3e3a64e8bc83a51fa02b3b15a2f2fb3b9c2b152b,1,17.0,7.0,24.0,7,47555,694,387,119,5
swe_prbench,python,vega/altair,https://github.com/vega/altair,https://github.com/vega/altair/pull/3936,846f091b5363c5bdeb9dba6d6a533600f80bf2ad,2862eec5ec4c653bdce44f8b0a75e3fd70c92b9f,8,28.0,18.0,46.0,1,48023,561,423,42,4
swe_prbench,python,Chia-Network/chia-blockchain,https://github.com/Chia-Network/chia-blockchain,https://github.com/Chia-Network/chia-blockchain/pull/20099,f6d4b7615ebcbfb753b00a5a8c4381ff03101356,d003416ff26fc47d4948c667df197f721778823a,16,56.0,154.0,210.0,2,160312,1194,936,110,6
swe_prbench,python,pipecat-ai/pipecat,https://github.com/pipecat-ai/pipecat,https://github.com/pipecat-ai/pipecat/pull/3428,d0f227189c073ac67e78ecc41f9c13ffb1f62b21,efbc0c85103a436e759f4ef7f173d690eff157e7,4,12.0,6.0,18.0,2,143589,994,812,173,6
swe_prbench,python,dask/dask,https://github.com/dask/dask,https://github.com/dask/dask/pull/12144,cd5e429a70fd5ddebb1e642710636d3bfd40699d,7dc6abd15128f4afa1e0b2890bb69a768bb9f9bc,8,19.0,18.0,37.0,4,129373,621,363,44,5
swe_prbench,python,espnet/espnet,https://github.com/espnet/espnet,https://github.com/espnet/espnet/pull/6278,0a9cf53a9d754f52c2ad8ec6bbc439b0276565ff,5bbc8c7f82a627a3516435b15b3877e9b901b359,2,506.0,0.0,506.0,5,1461583,10442,2072,1875,8
swe_prbench,python,livekit/agents,https://github.com/livekit/agents,https://github.com/livekit/agents/pull/4155,8ff360a6661dd837f7ab446d7968083821741148,f83fcc6575f93a297fec575c1953874e6400798e,27,572.0,92.0,664.0,7,26307,1045,741,349,7
swe_prbench,python,kedro-org/kedro,https://github.com/kedro-org/kedro,https://github.com/kedro-org/kedro/pull/5334,554058042c5035a2c6b74dd384c86081b0ca1969,1feaa711e3f64f87b2dedf1ace93d4a843a6e959,3,375.0,0.0,375.0,6,246653,663,196,129,7
swe_prbench,python,confident-ai/deepeval,https://github.com/confident-ai/deepeval,https://github.com/confident-ai/deepeval/pull/2394,48834451f181ea931a4e701ddac20c47f4b8228f,711aa7bfd188b429723c3665d6dda3dfe3b8ffa1,10,329.0,93.0,422.0,5,113816,1435,819,257,5
swe_prbench,python,spyder-ide/spyder,https://github.com/spyder-ide/spyder,https://github.com/spyder-ide/spyder/pull/25609,644faba3556a06a6c30c15db905e09d87dc3de8b,0a8b72ceeee2a9e82935100c4e18afb1a6d57e84,3,21.0,4.0,25.0,5,155668,2438,1006,1057,13
swe_prbench,python,pipecat-ai/pipecat,https://github.com/pipecat-ai/pipecat,https://github.com/pipecat-ai/pipecat/pull/2974,159dbd078dc5815612a26583b3da1b8e1d6ec425,f6d7b6ae5f8023b601ae0516bcf705a07b99cc87,26,144.0,295.0,439.0,3,143589,994,812,173,6
swe_prbench,python,espnet/espnet,https://github.com/espnet/espnet,https://github.com/espnet/espnet/pull/6352,f70c4f63368a599fbee26c343ebb791bac5c2e35,d3ea7642f4a7a3a430204584ab4f15632c108267,4,361.0,26.0,387.0,6,1461583,10442,2072,1875,8
swe_prbench,python,livekit/agents,https://github.com/livekit/agents,https://github.com/livekit/agents/pull/3948,058e5924f2edd3e0985bf6dbe6fe3d354b60b8f9,7cd838bd5349d7e1bdc6e639485870ab2075ad5b,10,491.0,0.0,491.0,8,26307,1045,741,349,7
swe_prbench,python,falconry/falcon,https://github.com/falconry/falcon,https://github.com/falconry/falcon/pull/2581,96b1fba735f1d4a3ec567c93fa1138fe0aabd5b2,250209bd077057e15e47414c7db56989863e7d01,4,120.0,49.0,169.0,8,8074,433,265,65,5
swe_prbench,python,qutebrowser/qutebrowser,https://github.com/qutebrowser/qutebrowser,https://github.com/qutebrowser/qutebrowser/pull/8845,e072257b83ae9764ec64bfd53a1d363ef1b58d23,195591b9810d9b4056e4099a22638a3f9d74af2e,4,57.0,6.0,63.0,4,64291,947,452,124,6
swe_prbench,python,pipecat-ai/pipecat,https://github.com/pipecat-ai/pipecat,https://github.com/pipecat-ai/pipecat/pull/3392,a992f95c02728c115f32baf982f27073dc733cc4,f58d21862beab8af4f8b202af92f4bfa359149db,21,139.0,21.0,160.0,5,143589,994,812,173,6
swe_prbench,python,spyder-ide/spyder,https://github.com/spyder-ide/spyder,https://github.com/spyder-ide/spyder/pull/24990,d2fdc7f3f3685fb246acc588f0cd93fd1e30d98e,ab823255c39e95c4bfa7985be5b1207dd3b254b2,5,97.0,14.0,111.0,21,155668,2438,1006,1057,13
swe_prbench,python,autogluon/autogluon,https://github.com/autogluon/autogluon,https://github.com/autogluon/autogluon/pull/5586,58be6b5819418a787dbc206583cc23feb79a059e,9d674ecf95d12d5e244385b51b47d2665a678dd3,3,9.0,5.0,14.0,4,25266,1311,989,310,9
swe_prbench,python,pipecat-ai/pipecat,https://github.com/pipecat-ai/pipecat,https://github.com/pipecat-ai/pipecat/pull/3598,7be2b8cc345ab5685c5b44ffe9ce9eb8dd044658,e6b06414b3f745ce46b41b3462cdc14ab293bc80,2,561.0,167.0,728.0,2,143589,994,812,173,6
swe_prbench,python,Chia-Network/chia-blockchain,https://github.com/Chia-Network/chia-blockchain,https://github.com/Chia-Network/chia-blockchain/pull/20321,a7aecc18c89c1109583edbe912c0097ea9c28b56,360afeddf8b7cd7137c936604733846343fee940,3,88.0,78.0,166.0,7,160312,1194,936,110,6
swe_prbench,python,dask/dask,https://github.com/dask/dask,https://github.com/dask/dask/pull/12106,06e75c747e7de555547a0724d899af0e726bbaa8,1b6ccd6a3c0a447ecd2ebbcb68fa31a25b1d8490,2,97.0,21.0,118.0,9,129373,621,363,44,5
swe_prbench,python,prowler-cloud/prowler,https://github.com/prowler-cloud/prowler,https://github.com/prowler-cloud/prowler/pull/9702,e12e0dc1aac7e77f702e2306fe31018510acd48f,a7d551439037c6ba7206fa1ba35a7f0d27f5f633,7,472.0,1.0,473.0,1,226523,9618,5698,3746,8
swe_prbench,python,prowler-cloud/prowler,https://github.com/prowler-cloud/prowler,https://github.com/prowler-cloud/prowler/pull/9561,c83374d4ed3d224453618c8295239077b7f26fbe,3b28408515691d79cc9551278f131129e59c1ca4,14,164.0,77.0,241.0,5,226523,9618,5698,3746,8
swe_prbench,python,pypa/pip,https://github.com/pypa/pip,https://github.com/pypa/pip/pull/13482,758a1724c42e7f4369106dac09a50dcb0270931d,afa16f2395bd3cb41b823b741c7287e2f89c48b3,7,28.0,10.0,38.0,10,74044,1024,637,181,6
swe_prbench,python,Lightning-AI/litgpt,https://github.com/Lightning-AI/litgpt,https://github.com/Lightning-AI/litgpt/pull/2188,ac816e7729deeb459cfe1d0d00c1fedf2314c46b,bad42270724cad9c447ff2ed821c2bbca2500cc5,2,58.0,1.0,59.0,3,5826,250,137,55,4
swe_prbench,python,Chia-Network/chia-blockchain,https://github.com/Chia-Network/chia-blockchain,https://github.com/Chia-Network/chia-blockchain/pull/20318,a7aecc18c89c1109583edbe912c0097ea9c28b56,32a7a92dc296673f2e1d880072234e9768863516,3,352.0,318.0,670.0,5,160312,1194,936,110,6
swe_prbench,python,spyder-ide/spyder,https://github.com/spyder-ide/spyder,https://github.com/spyder-ide/spyder/pull/25481,e956b1fc036e1659dca36bf6cd4568f399fca8fe,3f1ee716b484bbe9bba9cabe647da7a2c86e8d59,1,19.0,3.0,22.0,5,155668,2438,1006,1057,13
swe_prbench,python,Chia-Network/chia-blockchain,https://github.com/Chia-Network/chia-blockchain,https://github.com/Chia-Network/chia-blockchain/pull/20317,8eba5d84904229b5990f6cae6f33c7a4c56434e3,3d85e99080637898e43190f51e1fef3e395c1e9e,8,331.0,145.0,476.0,1,160312,1194,936,110,6
swe_prbench,python,kubeflow/kale,https://github.com/kubeflow/kale,https://github.com/kubeflow/kale/pull/593,0b32cb41b72f62f74d89557021a0d7877adefd9a,b3daac1b719eeab5ada02d9208fbb753a77d9c34,9,133.0,19.0,152.0,6,19139,609,65,465,5
swe_prbench,python,dask/dask,https://github.com/dask/dask,https://github.com/dask/dask/pull/12221,0a075534b29af7364b82fdf04a33838ab7189d77,59dab320f45e409dec89df9e13f02cb049db6eb4,2,116.0,40.0,156.0,2,129373,621,363,44,5
swe_prbench,python,kedro-org/kedro,https://github.com/kedro-org/kedro,https://github.com/kedro-org/kedro/pull/5107,0ea0e79fa51509213f0d231b33751df5f08d88b5,442a755cdbf1acfe6516f0c653805d9022a3ef1f,5,133.0,0.0,133.0,13,246653,663,196,129,7
swe_prbench,python,livekit/agents,https://github.com/livekit/agents,https://github.com/livekit/agents/pull/4846,6317935bfdc6dd2e4de41fca8adf6e62be444c0b,201ef0a22e2bfc42dae03a4ed8fd4efbfae359ad,8,96.0,11.0,107.0,5,26307,1045,741,349,7
swe_prbench,python,espnet/espnet,https://github.com/espnet/espnet,https://github.com/espnet/espnet/pull/6248,6241a3e3ad9fef6a686ac82c6a7799d40d96cd27,a9a34762d5625670cc38a07f00158068928add5b,5,358.0,0.0,358.0,2,1461583,10442,2072,1875,8
swe_prbench,python,spyder-ide/spyder,https://github.com/spyder-ide/spyder,https://github.com/spyder-ide/spyder/pull/25460,31da5c3ee278864277c89e82d5c734d9e03bc980,667aad6fcf5da51c461ddb98b0c3229794c050d1,5,250.0,43.0,293.0,14,155668,2438,1006,1057,13
swe_prbench,python,kubeflow/kale,https://github.com/kubeflow/kale,https://github.com/kubeflow/kale/pull/601,06614efff29ab1adb040259d3c891caffadb6010,5f022257a581e7d4b135146ba3b7843d2333c9bc,4,29.0,0.0,29.0,5,19139,609,65,465,5
swe_prbench,python,prowler-cloud/prowler,https://github.com/prowler-cloud/prowler,https://github.com/prowler-cloud/prowler/pull/9606,0719e31b586ee56de14d453eb27a6029e7c49937,22ebf4500efd9a817c16b4c0e4af5db3abf0a225,3,155.0,24.0,179.0,9,226523,9618,5698,3746,8
swe_prbench,python,livekit/agents,https://github.com/livekit/agents,https://github.com/livekit/agents/pull/4713,7d394f55c23fe8c497bc53cbadded6700325c25a,0cc5ed06823de2133155ede872f9113a4d6616d9,10,36.0,53.0,89.0,3,26307,1045,741,349,7
swe_prbench,python,pipecat-ai/pipecat,https://github.com/pipecat-ai/pipecat,https://github.com/pipecat-ai/pipecat/pull/2792,03f5defbc3687564527d67aca7277d4b827780ea,bd13a80da7b2760808a4e74285c10b78a88b5303,5,186.0,14.0,200.0,4,143589,994,812,173,6
swe_prbench,python,falconry/falcon,https://github.com/falconry/falcon,https://github.com/falconry/falcon/pull/2572,49f0cb1dbca97a9c1a03f981e1961fab9bc5f4d5,53f1255e4df770a4b1fee5a796b6cbcd70aad89d,4,31.0,4.0,35.0,6,8074,433,265,65,5
swe_prbench,python,redis/redis-py,https://github.com/redis/redis-py,https://github.com/redis/redis-py/pull/3949,3d6b571e3df69c1ab0060e7a53fea7ac0c50a725,cd0bed118adab5538b3fb35ba56f7f987da93b02,10,57.0,37.0,94.0,4,12511,387,293,51,4
swe_prbench,python,pipecat-ai/pipecat,https://github.com/pipecat-ai/pipecat,https://github.com/pipecat-ai/pipecat/pull/3233,4cd971e4bd311bc1fd2f4145dc9f8d1e47fbea61,614d5e0d19efa6382aa3d528b1ceeca2276f0e76,2,21.0,23.0,44.0,7,143589,994,812,173,6
swe_prbench,python,pipecat-ai/pipecat,https://github.com/pipecat-ai/pipecat,https://github.com/pipecat-ai/pipecat/pull/2735,3797f41c8c744f2b6c9bc7f4ebd38368c8561033,6faa50ae5b867c3b0b9d46102b0218503fa8f634,5,53.0,45.0,98.0,2,143589,994,812,173,6
swe_prbench,python,Netflix/metaflow,https://github.com/Netflix/metaflow,https://github.com/Netflix/metaflow/pull/2653,4076854c9f57df3031a3bd8b6a2a66d9eabe06a6,d946e027d1cccae80fc79e1f600b7503c5d78586,1,19.0,16.0,35.0,5,47494,1002,639,176,9
swe_prbench,python,livekit/agents,https://github.com/livekit/agents,https://github.com/livekit/agents/pull/3909,1a6bd41477c29f38f9619cf4c33006d88f9a66f5,002c864503977c4375cfe199d23dba40bd5a8aa6,4,476.0,1.0,477.0,3,26307,1045,741,349,7
swe_prbench,python,falconry/falcon,https://github.com/falconry/falcon,https://github.com/falconry/falcon/pull/2540,a54317c7f8ec51a7fec8ce83df6b9f4852113253,74c00b25d64f3a0a4c2304a2cfbfdd8cc0c4bd10,3,112.0,1.0,113.0,9,8074,433,265,65,5
swe_prbench,python,pipecat-ai/pipecat,https://github.com/pipecat-ai/pipecat,https://github.com/pipecat-ai/pipecat/pull/2266,463752360b536c12af53b41d3f25e93ca2f524b5,f6164e3bdeafeef26058e8a430232b16b496fec8,7,510.0,4.0,514.0,1,143589,994,812,173,6
swe_prbench,python,pipecat-ai/pipecat,https://github.com/pipecat-ai/pipecat,https://github.com/pipecat-ai/pipecat/pull/3025,eb36a1bc91cee6c6f251de6f07c26a11a2696aae,0b53f9cee6a36221d3b25236bea4ed399d144754,2,47.0,28.0,75.0,3,143589,994,812,173,6
swe_prbench,python,pipecat-ai/pipecat,https://github.com/pipecat-ai/pipecat,https://github.com/pipecat-ai/pipecat/pull/3113,b52b1089325d63feafffaee0ebe0c424a3d8f3a6,5907b51c7d4be2ffdf26dbc67953eca96b626e66,4,276.0,17.0,293.0,9,143589,994,812,173,6
swe_prbench,python,triton-inference-server/server,https://github.com/triton-inference-server/server,https://github.com/triton-inference-server/server/pull/8569,8a23c8c4018957c3b06c019833ba3322bc8dc22d,ce0036855d3544c876964e33ef23a3a9581bd898,10,263.0,63.0,326.0,3,39393,1665,388,900,7
swe_prbench,python,dbcli/mycli,https://github.com/dbcli/mycli,https://github.com/dbcli/mycli/pull/1517,3cfcb28cae8e5d1e4cc4704de227262d6eb3df3f,5f76d7c24b35134660b90e08284da5e46a843b2e,4,16.0,15.0,31.0,2,4065,147,107,17,3
swe_prbench,python,numba/numba,https://github.com/numba/numba,https://github.com/numba/numba/pull/10276,4c37ce138ef7ecbf04474cc706885a6d4312b279,4c207e080b07db515851aeaa882121babaf579e8,6,24.0,1.0,25.0,3,80929,1027,752,78,5
swe_prbench,python,pipecat-ai/pipecat,https://github.com/pipecat-ai/pipecat,https://github.com/pipecat-ai/pipecat/pull/3410,1df9575e2022a28677b65652bdcc46d0494399ae,3e982f7a4a9804774600e9f135e9a36cb2217f8b,4,215.0,0.0,215.0,3,143589,994,812,173,6
swe_prbench,python,deepchem/deepchem,https://github.com/deepchem/deepchem,https://github.com/deepchem/deepchem/pull/4601,d31b9bafc8df91e2198478a48578675a09a8cae7,096ae3b2a3382eea1c5658ee431af6081c075d63,15,107.0,178.0,285.0,1,598998,1506,875,181,6
swe_prbench,python,sktime/sktime,https://github.com/sktime/sktime,https://github.com/sktime/sktime/pull/9042,f131a1c132c0ea663ad958ca7901eaf36cd07cc5,3cf3c86b7ae4aa2963a8246eb704679ec47d78f7,7,622.0,5.0,627.0,7,90541,1855,1550,367,5
swe_prbench,python,Rapptz/discord.py,https://github.com/Rapptz/discord.py,https://github.com/Rapptz/discord.py/pull/10307,830858cde8c67fcb4e2a5884be389a4107369e5b,cdebeefb2867072ce7b2d0f5d7a39e508324f9ac,16,582.0,29.0,611.0,3,22582,310,199,36,6
swe_prbench,python,espnet/espnet,https://github.com/espnet/espnet,https://github.com/espnet/espnet/pull/6325,df9514742b18d7f599be6fdc0db83cba627abf44,94929e6e49b056609e231da1d32c8825cc922b35,22,500.0,0.0,500.0,2,1461583,10442,2072,1875,8
swe_prbench,python,prowler-cloud/prowler,https://github.com/prowler-cloud/prowler,https://github.com/prowler-cloud/prowler/pull/9718,b7f83da012b4c0213df3965182b1a93cd27e8622,8ee45977992e60c4b5041b2564ea5f0f49443a35,8,368.0,0.0,368.0,4,226523,9618,5698,3746,8
swe_prbench,python,livekit/agents,https://github.com/livekit/agents,https://github.com/livekit/agents/pull/3608,4a09684f97e770529a059f38e50b910d572564b9,d67d9e2ff4db66f740d8734ed49cf48f86362c09,1,19.0,1.0,20.0,3,26307,1045,741,349,7
swe_prbench,python,espnet/espnet,https://github.com/espnet/espnet,https://github.com/espnet/espnet/pull/6356,665c25adcd86bd1a1f9d3835fbda7ef79e2bc897,06f2e839ca5f67b7bc3fba974fba1398980aeb9a,4,35.0,14.0,49.0,2,1461583,10442,2072,1875,8
swe_prbench,python,pipecat-ai/pipecat,https://github.com/pipecat-ai/pipecat,https://github.com/pipecat-ai/pipecat/pull/3328,2e700c8576b1be3856529f8b43a22cab05a4327e,3e00a16f0f7a16263e796f41d6f3319ca6dee7aa,3,31.0,9.0,40.0,7,143589,994,812,173,6
swe_prbench,python,pipecat-ai/pipecat,https://github.com/pipecat-ai/pipecat,https://github.com/pipecat-ai/pipecat/pull/2819,6ac0c344132af3ceb2aae1b1ea78dfb771c2a599,5b1a18242100051735f98490dd12aa08ce0e311c,2,84.0,10.0,94.0,5,143589,994,812,173,6
swe_prbench,python,pipecat-ai/pipecat,https://github.com/pipecat-ai/pipecat,https://github.com/pipecat-ai/pipecat/pull/3692,aa6c9797cad5e39a78094d03733fe4e4a3a13838,981253c70386f43faf09dfb59eeb3c710b009758,5,31.0,22.0,53.0,1,143589,994,812,173,6
swe_prbench,python,pipecat-ai/pipecat,https://github.com/pipecat-ai/pipecat,https://github.com/pipecat-ai/pipecat/pull/3041,203a62770743e3cd915eebcbdb77d9a94a9d1ee4,5222ff99deda0752dbf7db0f807ae49157275ef4,28,527.0,10.0,537.0,3,143589,994,812,173,6
swe_prbench,python,sqlfluff/sqlfluff,https://github.com/sqlfluff/sqlfluff,https://github.com/sqlfluff/sqlfluff/pull/7499,dae1af2cdbd2fb5d9e6294e09a3d0a4c37ee5f74,747bbf5bf8dcd33974874bf9ef1160a848e0a1f6,9,286.0,179.0,465.0,3,50120,5556,426,326,9
swe_prbench,python,numba/numba,https://github.com/numba/numba,https://github.com/numba/numba/pull/10366,9424eeeecbce5de2e2763ea338a43ccc658606fb,b9dc7f10a458f0269353767f665620d0cd18f4d9,4,185.0,7.0,192.0,4,80929,1027,752,78,5
